Start (s),End (s),Segment
0.24,2.16,The unsettling silence.
2.48,7.52,Why we often avoid our own thoughts and seek constant engagement.
7.84,16.48,"Many people find themselves in a relentless pursuit of distraction, filling their days with activities, noise, and social interactions."
16.80,29.20,"This aversion to simply being alone with one's thoughts is a common human experience, driven by a complex interplay of psychological, societal, and even technological factors."
29.44,40.24,"At its core, the desire to keep engaged often stems from a discomfort with the internal landscape of our minds and a fear of what we might find in the quiet."
40.56,45.60,One of the primary reasons for this avoidance is the nature of our thoughts themselves.
45.92,53.44,"Unbidden, our minds can conjure a stream of worries, anxieties, unresolved issues, and self-criticism."
53.76,58.72,"This internal chatter can be unpleasant and for some, deeply distressing."
59.04,77.12,"Research suggests that mental effort itself can sometimes be perceived as aversive, and when that effort involves confronting challenging emotions or cognitive dissonance, the discomfort of holding conflicting beliefs, the urge to escape into external stimuli becomes strong."
77.44,80.88,The fear of boredom also plays a significant role.
81.20,91.52,"In a society that often equates busyness with productivity and self-worth, moments of idleness can feel unproductive or even indicative of a lack of purpose."
91.84,102.24,"This cult of busyness can make quiet introspection seem like a waste of time, leading individuals to seek constant engagement to feel validated and occupied."
102.56,112.96,"Boredom can also act as a gateway to confronting uncomfortable truths or emotions that lie beneath the surface, an experience many would rather sidestep."
113.28,119.12,"Furthermore, keeping ourselves engaged serves as a potent emotional regulation strategy."
119.44,127.84,"Distraction can be a coping mechanism to avoid or numb difficult feelings such as sadness, loneliness, anxiety, or grief."
128.16,143.28,"The relentless influx of information and entertainment offered by modern technology, particularly smartphones and social media, provides an easily accessible and highly effective means of diverting attention away from internal discomfort."
143.60,156.40,"This constant connectivity can also foster a need for external validation, where engagement is driven by a desire for likes, comments, and the feeling of being connected, albeit sometimes superficially."
156.72,164.00,"For some, the avoidance of solitude can be more profound, verging on autophobia, the fear of being alone."
164.32,173.60,"This can be rooted in past traumas, deep-seated insecurities, or certain personality traits that make solitude feel threatening rather than restorative."
173.92,182.96,"In such cases, the presence of others or constant activity provides a sense of safety and distraction from unsettling inner experiences."
183.28,187.76,Existential anxieties too can surface in moments of quiet contemplation.
188.08,193.04,"Questions about life's meaning, purpose, and our own identity can be daunting."
193.36,201.12,"Engaging in constant activity can serve as a way to keep these larger, sometimes unsettling questions at bay."
201.44,212.16,"However, it's important to acknowledge that while the pull of constant engagement is strong, deliberately creating space for solitude and introspection carries significant benefits."
212.40,220.72,"It can foster self-awareness, enhance creativity, improve problem-solving skills, and allow for genuine emotional processing."
221.04,228.96,"Learning to sit with our thoughts, even the uncomfortable ones, is a crucial aspect of psychological well-being and personal growth."
229.28,237.84,Techniques such as mindfulness and cognitive reframing can help individuals develop a more comfortable and accepting relationship with their inner world.
